"Original Image ";"Picture";"Set";"Smartphone";"Camera Spec";"Screen Resolution";"Volunteer"
"train/normal/003d8fa0-6bf1-40ed-b54c-ac657f8495c5.png";"003d8fa0-cam.jpg";;"xiaomi mi 8";"12 mp";"1920x1080";"Caio"
"train/normal/009eb222-eabc-4150-8121-d5a6d06b8ebf.png";"009eb222-cam.jpg";;"xiaomi mi 8";"12 mp";"1920x1080";"Caio"
"train/normal/01027bc3-dc40-4165-a6c3-d6be2cb7ca34.png";"01027bc3-cam.jpg";;"xiaomi mi 8";"12 mp";"1920x1080";"Caio"
"train/normal/017c7b5b-618e-4bc9-943c-04c6a988d992.png";"017c7b5b-cam.jpg";;"xiaomi mi 8";"12 mp";"1920x1080";"Caio"
"train/normal/019ca122-9cdf-4704-b7a9-449c8a1c263e.png";"019ca122-cam.jpg";;"xiaomi mi 8";"12 mp";"1920x1080";"Caio"
"train/normal/01a4059c-22f7-4f51-8a27-50aff0b3aeb3.png";"01a4059c-cam.jpg";;"xiaomi mi 8";"12 mp";"1920x1080";"Caio"
"train/normal/01aad2a6-3b93-45e3-bf37-2d73348cb6fc.png";"01aad2a6-cam.jpg";;"xiaomi mi 8";"12 mp";"1920x1080";"Caio"
"train/normal/01b15f07-1149-4ff8-9756-bc821e41b97c.png";"01b15f07-cam.jpg";;"xiaomi mi 8";"12 mp";"1920x1080";"Caio"
"train/normal/01be3fe5-4a91-4c57-9af6-305966a7d0aa.png";"01be3fe5-cam.jpg";;"xiaomi mi 8";"12 mp";"1920x1080";"Caio"
"train/normal/01c0b605-0a82-401b-9649-81252304ac45.png";"01c0b605-cam.jpg";;"xiaomi mi 8";"12 mp";"1920x1080";"Caio"
"train/normal/01cc7c75-4498-43ab-b650-5553d0507f76.png";"01cc7c75-cam.jpg";;"xiaomi mi 8";"12 mp";"1920x1080";"Caio"
"train/normal/01e4fd43-4f2c-421f-bd68-c756dceb5742.png";"01e4fd43-cam.jpg";;"xiaomi mi 8";"12 mp";"1920x1080";"Caio"
"train/normal/01ef1712-90a6-4946-ad86-fc76b0cf2d3b.png";"01ef1712-cam.jpg";;"xiaomi mi 8";"12 mp";"1920x1080";"Caio"
"train/normal/01f0d9cc-f69e-471a-987a-be73a36e18cc.png";"01f0d9cc-cam.jpg";;"xiaomi mi 8";"12 mp";"1920x1080";"Caio"
"train/normal/01f0f4bf-e678-430e-b43d-2968e2c4976c.png";"01f0f4bf-cam.jpg";;"xiaomi mi 8";"12 mp";"1920x1080";"Caio"
"train/normal/01f4cd36-caa1-480f-9d8c-92e80cf7b197.png";"01f4cd36-cam.jpg";;"xiaomi mi 8";"12 mp";"1920x1080";"Caio"
"train/normal/01fe92f7-ff87-4f9e-9077-e00e670d1b47.png";"01fe92f7-cam.jpg";;"xiaomi mi 8";"12 mp";"1920x1080";"Caio"
"train/normal/020fb648-3b1e-404a-a0b4-f25d6b277c1a.png";"020fb648-cam.jpg";;"xiaomi mi 8";"12 mp";"1920x1080";"Caio"
"train/normal/022b7bbd-963b-49ea-afd7-b6b7986da555.png";"022b7bbd-cam.jpg";;"xiaomi mi 8";"12 mp";"1920x1080";"Caio"
"train/normal/0280a39c-4891-4a7b-8073-710c3f5577a3.png";"0280a39c-cam.jpg";"train";"samsung s8";;;"eduardo"
"train/normal/0295573e-1bbe-4f14-83c2-32449fa79f10.png";"0295573e-cam.jpg";"train";"samsung s8";;;"eduardo"
"train/normal/02f6ab3b-7793-4d67-87e3-868911a399b7.png";"02f6ab3b-cam.jpg";"train";"samsung s8";;;"eduardo"
"train/normal/03682e3c-d601-4e35-9ba5-06e85bba5c7c.png";"03682e3c-cam.jpg";"train";"samsung s8";;;"eduardo"
"train/normal/03b10fa5-e7c3-4726-818f-ecbace9da737.png";"03b10fa5-cam.jpg";"train";"samsung s8";;;"eduardo"
"train/normal/03da08b4-9f24-4822-8b2b-4abf27e3c9a8.png";"03da08b4-cam.jpg";"train";"samsung s8";;;"eduardo"
"train/normal/03f43302-39f0-48a1-ae3d-0c6c611b9302.png";"03f43302-cam.jpg";"train";"samsung s8";;;"eduardo"
"train/normal/042bde1a-88c1-4ae5-af0c-1a409e1e09ee.png";"042bde1a-cam.jpg";"train";"samsung s8";;;"eduardo"
"train/normal/04707463-aae0-4989-ae73-f9162275444e.png";"04707463-cam.jpg";"train";"samsung s8";;;"eduardo"
"train/normal/05073cbd-ad54-456d-9de6-b468db719b57.png";"05073cbd-cam.jpg";"train";"samsung s8";;;"eduardo"
"train/normal/053f237f-c835-4067-8a74-a0b7641bdaca.png";"053f237f-cam.jpg";"train";"samsung s8";;;"eduardo"
"train/normal/053f400c-145d-4770-841c-3ea961bb3644.png";"053f400c-cam.jpg";"train";"samsung s8";;;"eduardo"
"train/normal/056fb495-574d-4b37-9f89-77b9ced2ef43.png";"056fb495-cam.jpg";"train";"samsung s8";;;"eduardo"
"train/normal/05c8ec6f-c41d-4dbe-a6a0-2875334b0b9e.png";"05c8ec6f-cam.jpg";"train";"samsung s8";;;"eduardo"
"train/normal/05cd4a95-8187-41ac-929c-226015cceefb.png";"05cd4a95-cam.jpg";"train";"samsung s8";;;"eduardo"
"train/normal/05d16b06-ffb2-40ab-b64a-299448999f72.png";"05d16b06-cam.jpg";"train";"samsung s8";;;"eduardo"
"train/normal/05d3b194-78bb-4fe9-aa1c-0f1d76e5641d.png";"05d3b194-cam.jpg";"train";"LG G4";;;"Pedro"
"train/normal/05ee72bf-6d12-4ac5-a47e-f43a7ea52a40.png";"05ee72bf-cam.jpg";"train";"samsung s8";;;"eduardo"
"train/normal/05f6eacc-e1a9-4b88-a0ec-f4ab5ba72e93.png";"05f6eacc-cam.jpg";"train";"samsung s8";;;"eduardo"
"train/normal/05f88159-8c6e-4d9a-92a8-a20c6fb2930d.png";"05f88159-cam.jpg";"train";"samsung s8";;;"eduardo"
"train/normal/05fa458a-9e6a-4e02-b85c-c8d67c3161cf.png";"05fa458a-cam.jpg";"train";"samsung s8";;;"eduardo"
"train/normal/0609cacd-b9a6-485f-a6f1-5bb7b88db8dd.png";"0609cacd-cam.jpg";;"xiaomi mi 8";"12 mp";"1920x1080";"Caio"
"train/normal/06199c4d-5f6f-4736-81b1-07bf5b76bd78.png";"06199c4d-cam.jpg";;"xiaomi mi 8";"12 mp";"1920x1080";"Caio"
"train/normal/061ccabd-b0cf-4238-a053-28a1960c1923.png";"061ccabd-cam.jpg";;"xiaomi mi 8";"12 mp";"1920x1080";"Caio"
"train/normal/0623ea89-c89c-4743-b492-55e398de4c9b.png";"0623ea89-cam.jpg";;"xiaomi mi 8";"12 mp";"1920x1080";"Caio"
"train/normal/063f63c9-7e5b-4360-8d19-0060d849fdbc.png";"063f63c9-cam.jpg";;"xiaomi mi 8";"12 mp";"1920x1080";"Caio"
"train/normal/06605bfa-0370-4979-a2bd-11173002abd1.png";"06605bfa-cam.jpg";;"xiaomi mi 8";"12 mp";"1920x1080";"Caio"
"train/normal/0666201a-fab4-4828-81dd-73292312c766.png";"0666201a-cam.jpg";;"xiaomi mi 8";"12 mp";"1920x1080";"Caio"
"train/normal/067b7ea4-bc57-41d5-ae13-5137f9df5111.png";"067b7ea4-cam.jpg";;"xiaomi mi 8";"12 mp";"1920x1080";"Caio"
"train/normal/068ae297-8397-463e-927e-cb6693aeb8b5.png";"068ae297-cam.jpg";;"xiaomi mi 8";"12 mp";"1920x1080";"Caio"
"train/normal/068e882a-df1e-4d62-92a0-9eef12024b01.png";"068e882a-cam.jpg";;"xiaomi mi 8";"12 mp";"1920x1080";"Caio"
"train/normal/06941d8e-2034-4503-b8d5-0eb13fc52f75.png";"06941d8e-cam.jpg";;"xiaomi mi 8";"12 mp";"1920x1080";"Caio"
"train/normal/069554dc-f5b0-4947-be4c-873dd6360b5a.png";"069554dc-cam.jpg";;"xiaomi mi 8";"12 mp";"1920x1080";"Caio"
"train/normal/06a7820e-8f38-4958-b871-518030a63432.png";"06a7820e-cam.jpg";;"xiaomi mi 8";"12 mp";"1920x1080";"Caio"
"train/normal/06ba1322-0274-47e0-b7eb-07c11d96360f.png";"06ba1322-cam.jpg";;"xiaomi mi 8";"12 mp";"1920x1080";"Caio"
"train/normal/06bc1cfe-23a0-43a4-a01b-dfa10314bbb0.png";"06bc1cfe-cam.jpg";;"xiaomi mi 8";"12 mp";"1920x1080";"Caio"
"train/normal/06bdaf90-df6a-46ae-ac6d-a4afb7937c8d.png";"06bdaf90-cam.jpg";;"xiaomi mi 8";"12 mp";"1920x1080";"Caio"
"train/normal/06ce1fa2-986b-4936-82f5-7b06d0d3b4ff.png";"06ce1fa2-cam.jpg";;"xiaomi mi 8";"12 mp";"1920x1080";"Caio"
"train/normal/06ea9b14-2cac-42c6-b3d1-b955feafee23.png";"06ea9b14-cam.jpg";;"xiaomi mi 8";"12 mp";"1920x1080";"Caio"
"train/normal/06f4f57e-ab00-459a-aa03-2ffe1dc75bdb.png";"06f4f57e-cam.jpg";;"xiaomi mi 8";"12 mp";"1920x1080";"Caio"
"train/normal/06f6f5e7-610c-4122-8731-aac15337b5e8.png";"06f6f5e7-cam.jpg";;"xiaomi mi 8";"12 mp";"1920x1080";"Caio"
"train/normal/0700bc73-b6e3-412e-9e2f-aa0b83424804.png";"0700bc73-cam.jpg";;"xiaomi mi 8";"12 mp";"1920x1080";"Caio"
"train/normal/07015c3f-79d8-4340-9baf-255b2a5418bd.png";"07015c3f-cam.jpg";;"xiaomi mi 8";"12 mp";"1920x1080";"Caio"
"train/normal/07045469-bbc4-42ca-a8b9-9c83ef77f704.png";"07045469-cam.jpg";;"xiaomi mi 8";"12 mp";"1920x1080";"Caio"
"train/normal/070efe1f-2b7a-4585-9e9b-561a4432fa57.png";"070efe1f-cam.jpg";;"xiaomi mi 8";"12 mp";"1920x1080";"Caio"
"train/normal/07120dca-52d2-4c79-84fd-a11f995df2fd.png";"07120dca-cam.jpg";;"xiaomi mi 8";"12 mp";"1920x1080";"Caio"
"train/normal/0716f059-34cb-4046-ae86-46b47756fc2b.png";"0716f059-cam.jpg";;"xiaomi mi 8";"12 mp";"1920x1080";"Caio"
"train/normal/0725cf2e-03d2-4e38-90e1-a9a85da37276.png";"0725cf2e-cam.jpg";;"xiaomi mi 8";"12 mp";"1920x1080";"Caio"
"train/normal/07290e87-0c95-4daf-ae97-2f7f971f23c0.png";"07290e87-cam.jpg";;"xiaomi mi 8";"12 mp";"1920x1080";"Caio"
"train/normal/072e0dbf-11d7-4c57-8161-10c8e7b2f0bf.png";"072e0dbf-cam.jpg";;"xiaomi mi 8";"12 mp";"1920x1080";"Caio"
"train/normal/0736db5d-1989-4e0f-99c2-c72c7fa90e8e.png";"0736db5d-cam.jpg";;"xiaomi mi 8";"12 mp";"1920x1080";"Caio"
"train/normal/07391275-3a53-4eb2-bb8e-160e9dc0a3c2.png";"07391275-cam.jpg";;"xiaomi mi 8";"12 mp";"1920x1080";"Caio"
"train/normal/073c6a26-29f2-4e61-9c52-7d41f3807cca.png";"073c6a26-cam.jpg";;"xiaomi mi 8";"12 mp";"1920x1080";"Caio"
"train/normal/074113b7-da5f-4742-93fd-654ee20939f5.png";"074113b7-cam.jpg";;"xiaomi mi 8";"12 mp";"1920x1080";"Caio"
"train/normal/07444c7a-580b-4494-a883-3b33361a24ac.png";"07444c7a-cam.jpg";;"xiaomi mi 8";"12 mp";"1920x1080";"Caio"
"train/normal/0749e0ce-a84e-49bf-9275-a1ebd9281e3b.png";"0749e0ce-cam.jpg";;"xiaomi mi 8";"12 mp";"1920x1080";"Caio"
"train/normal/07534f30-58a1-4043-b70e-156cdfafe1c6.png";"07534f30-cam.jpg";;"xiaomi mi 8";"12 mp";"1920x1080";"Caio"
"train/normal/0755dd30-bcc6-4f75-9cf9-914962477fca.png";"0755dd30-cam.jpg";;"xiaomi mi 8";"12 mp";"1920x1080";"Caio"
"train/normal/0759abcb-6e42-4837-956f-d4e8a4cd3537.png";"0759abcb-cam.jpg";;"xiaomi mi 8";"12 mp";"1920x1080";"Caio"
"train/normal/075f24e4-0d8e-4606-8e68-ee5ea0b953b5.png";"IMG_20200502_164633985_HDR-cam.jpg";;"Moto G7 Play";"4:3(13MP)";"1920x1080";"Rodrigo"
"train/normal/075f7167-e5ac-4c3d-954a-33576cb50600.png";"IMG_20200502_164706966_HDR-cam.jpg";;"Moto G7 Play";"4:3(13MP)";"1920x1081";"Rodrigo"
"train/normal/076149ed-e1a7-4424-b283-18161c95e0e2.png";"IMG_20200502_164801381_HDR-cam.jpg";;"Moto G7 Play";"4:3(13MP)";"1920x1082";"Rodrigo"
"train/normal/076ad555-8eff-4022-9c08-7205c59a75d2.png";"IMG_20200502_164830776_HDR-cam.jpg";;"Moto G7 Play";"4:3(13MP)";"1920x1083";"Rodrigo"
"train/normal/07701659-5766-4828-bb65-27d208a42daf.png";"IMG_20200502_164924213_HDR-cam.jpg";;"Moto G7 Play";"4:3(13MP)";"1920x1084";"Rodrigo"
"train/normal/07705011-0d7a-46b9-ab51-b4d5f2bd495f.png";"IMG_20200502_164943951_HDR-cam.jpg";;"Moto G7 Play";"4:3(13MP)";"1920x1085";"Rodrigo"
"train/normal/07752357-2f21-4e42-9015-27886b3d5857.png";"IMG_20200502_165005079_HDR-cam.jpg";;"Moto G7 Play";"4:3(13MP)";"1920x1086";"Rodrigo"
"train/normal/07755c77-1391-49f1-8fdb-832082887aec.png";"IMG_20200502_165057835-cam.jpg";;"Moto G7 Play";"4:3(13MP)";"1920x1087";"Rodrigo"
"train/normal/0777be71-3ed5-4d03-a073-d34ae7426838.png";"IMG_20200502_165122121_HDR-cam.jpg";;"Moto G7 Play";"4:3(13MP)";"1920x1088";"Rodrigo"
"train/normal/07798a86-803e-4a25-b1ca-3394ae293be5.png";"IMG_20200502_165153610_HDR-cam.jpg";;"Moto G7 Play";"4:3(13MP)";"1920x1089";"Rodrigo"
"train/normal/07888d77-acd2-4e12-9f43-9272ae1cfe9e.png";"IMG_20200502_165214746_HDR-cam.jpg";;"Moto G7 Play";"4:3(13MP)";"1920x1090";"Rodrigo"
"train/normal/079269e0-96f3-4964-8def-b13bd0aa837a.png";"IMG_20200502_165248620_HDR-cam.jpg";;"Moto G7 Play";"4:3(13MP)";"1920x1091";"Rodrigo"
"train/normal/0793267b-ba31-4f77-bee8-acde7a571231.png";"IMG_20200502_165318412_HDR-cam.jpg";;"Moto G7 Play";"4:3(13MP)";"1920x1092";"Rodrigo"
"train/normal/0796d0a6-8aa5-4edf-9c82-33523d8da0c2.png";"IMG_20200502_165342835_HDR-cam.jpg";;"Moto G7 Play";"4:3(13MP)";"1920x1093";"Rodrigo"
"train/normal/079fa565-0c4e-46a2-9a3c-f6341d97fd5c.png";"IMG_20200502_165412519_HDR-cam.jpg";;"Moto G7 Play";"4:3(13MP)";"1920x1094";"Rodrigo"
"train/normal/07abb49d-c23c-41a5-b38a-b093011b59dd.png";"IMG_20200502_165434480_HDR-cam.jpg";;"Moto G7 Play";"4:3(13MP)";"1920x1095";"Rodrigo"
"train/normal/07b24c8e-be16-4d5d-992e-b66e7930a387.png";"IMG_20200502_165531142_HDR-cam.jpg";;"Moto G7 Play";"4:3(13MP)";"1920x1096";"Rodrigo"
"train/normal/07bc7cbd-b313-47c0-b0eb-89d176a71810.png";"IMG_20200502_165553801_HDR-cam.jpg";;"Moto G7 Play";"4:3(13MP)";"1920x1097";"Rodrigo"
"train/normal/07c5e2ff-fd3a-47c7-936f-33f34d11b41d.png";"IMG_20200502_165612687-cam.jpg";;"Moto G7 Play";"4:3(13MP)";"1920x1098";"Rodrigo"
"train/normal/07c6955b-57c1-4ba8-8b07-81b333624ed9.png";"IMG_20200502_165640047_HDR-cam.jpg";;"Moto G7 Play";"4:3(13MP)";"1920x1099";"Rodrigo"
"train/normal/07cdb450-541e-4810-900b-b3b7b9846e8b.png";"IMG_20200502_165656137-cam.jpg";;"Moto G7 Play";"4:3(13MP)";"1920x1100";"Rodrigo"
"train/normal/07d45be8-4344-473d-b377-26354b64078e.png";"07d45be8-cam.jpg";;"xiaomi mi 8";"12 mp";"1920x1080";"Caio"
"train/normal/07daedd9-d1b8-4ff1-b203-24e71326d083.png";"07daedd9-cam.jpg";;"xiaomi mi 8";"12 mp";"1920x1080";"Caio"
"train/normal/07ec1c73-c77a-4b43-bcc6-96f94cbd32ac.png";"07ec1c73-cam.jpg";;"xiaomi mi 8";"12 mp";"1920x1080";"Caio"
"train/normal/07f1ae3f-2482-4c76-8801-bc4895b3f46e.png";"07f1ae3f-cam.jpg";;"xiaomi mi 8";"12 mp";"1920x1080";"Caio"
"train/normal/07f59492-1b36-4ff7-98b0-df996bf4fc4b.png";"07f59492-cam.jpg";;"xiaomi mi 8";"12 mp";"1920x1080";"Caio"
"train/normal/080f1469-5384-4678-b0ec-513ae837b583.png";"080f1469-cam.jpg";;"xiaomi mi 8";"12 mp";"1920x1080";"Caio"
"train/normal/08226aab-e8d2-401f-8b8d-1a2a51234c42.png";"08226aab-cam.jpg";;"xiaomi mi 8";"12 mp";"1920x1080";"Caio"
"train/normal/0838fe18-1e25-4d02-8287-7692d2a5bb57.png";"0838fe18-cam.jpg";;"xiaomi mi 8";"12 mp";"1920x1080";"Caio"
"train/normal/083e7d20-cee0-482e-acb5-029868b78fb8.png";"083e7d20-cam.jpg";;"xiaomi mi 8";"12 mp";"1920x1080";"Caio"
"train/normal/08483dbc-6223-43e2-b049-b1f86ef8bbcc.png";"08483dbc-cam.jpg";;"xiaomi mi 8";"12 mp";"1920x1080";"Caio"
"train/normal/084db3b9-8b5b-494d-8e81-7b6b98de6287.png";"084db3b9-cam.jpg";;"xiaomi mi 8";"12 mp";"1920x1080";"Caio"
"train/normal/085f5a19-2746-43e1-a3c7-34ce070d1ad8.png";"085f5a19-cam.jpg";;"xiaomi mi 8";"12 mp";"1920x1080";"Caio"
"train/normal/0864e801-58cb-4df8-b7a8-dd9e32c97178.png";"0864e801-cam.jpg";;"xiaomi mi 8";"12 mp";"1920x1080";"Caio"
"train/normal/08732533-75c0-45e3-9565-f69307152c23.png";"08732533-cam.jpg";;"xiaomi mi 8";"12 mp";"1920x1080";"Caio"
"train/normal/08845a57-ec6b-4efc-b919-6020dc4460b9.png";"08845a57-cam.jpg";;"xiaomi mi 8";"12 mp";"1920x1080";"Caio"
"train/normal/08846808-af38-4f0f-a189-d19938ae8efc.png";"08846808-cam.jpg";;"xiaomi mi 8";"12 mp";"1920x1080";"Caio"
"train/normal/0889b108-8f03-4fef-9ef3-5ddabde15ce7.png";"0889b108-cam.jpg";;"xiaomi mi 8";"12 mp";"1920x1080";"Caio"
"train/normal/088d38bd-2b6b-48cf-9c83-e9e4214a9c28.png";"088d38bd-cam.jpg";;"xiaomi mi 8";"12 mp";"1920x1080";"Caio"
"train/normal/0892a3a9-1345-42b3-8412-b930fd9066e5.png";"0892a3a9-cam.jpg";;"xiaomi mi 8";"12 mp";"1920x1080";"Caio"
"train/normal/08941080-30dc-449f-a8e1-e6530f4695a2.png";"08941080-cam.jpg";;"xiaomi mi 8";"12 mp";"1920x1080";"Caio"
"train/normal/0898494b-fa6c-442c-b049-eb974ccee7b3.png";"0898494b-cam.jpg";;"xiaomi mi 8";"12 mp";"1920x1080";"Caio"
"train/normal/089df963-c3c7-499c-afd8-2b0f9224c442.png";"089df963-cam.jpg";;"xiaomi mi 8";"12 mp";"1920x1080";"Caio"
"train/normal/08a09eef-7c20-414d-b36f-bd609dc5c763.png";"08a09eef-cam.jpg";;"xiaomi mi 8";"12 mp";"1920x1080";"Caio"
"train/normal/08ae6c0b-d044-4de2-a410-b3cf8dc65868.png";"08ae6c0b-cam.jpg";;"xiaomi mi 8";"12 mp";"1920x1080";"Caio"
"train/normal/08b9ee23-ff64-4494-b293-5e43f3de3453.png";"08b9ee23-cam.jpg";;"xiaomi mi 8";"12 mp";"1920x1080";"Caio"
"train/normal/08bc9387-94f1-4ce8-8958-15864bca9052.png";"08bc9387-cam.jpg";;"xiaomi mi 8";"12 mp";"1920x1080";"Caio"
"train/normal/08cbc4cf-9efb-47e4-a77f-d734e6a273c5.png";"08cbc4cf-cam.jpg";;"xiaomi mi 8";"12 mp";"1920x1080";"Caio"
"train/normal/08d0531a-b5c3-4677-94f1-a48101ed3e06.png";"08d0531a-cam.jpg";;"xiaomi mi 8";"12 mp";"1920x1080";"Caio"
"train/normal/08dc2e8b-754a-47ad-97e2-efe6e14fd732.png";"08dc2e8b-cam.jpg";;"xiaomi mi 8";"12 mp";"1920x1080";"Caio"
"train/normal/08e237d8-7d4d-410f-b48e-1e2817df9aac.png";"08e237d8-cam.jpg";;"xiaomi mi 8";"12 mp";"1920x1080";"Caio"
"train/normal/08ec2d3b-bc62-47c6-b0ce-632f8dbbdb21.png";"08ec2d3b-cam.jpg";;"xiaomi mi 8";"12 mp";"1920x1080";"Caio"
"train/normal/08fda39f-ba68-45cc-9bbb-d416b19c6dc2.png";"08fda39f-cam.jpg";;"xiaomi mi 8";"12 mp";"1920x1080";"Caio"
"train/normal/09009286-a589-4fb9-8c2c-540e16c75481.png";"09009286-cam.jpg";;"xiaomi mi 8";"12 mp";"1920x1080";"Caio"
"train/normal/091ab452-0ea2-4f1b-b853-20b0031f1f99.png";"091ab452-cam.jpg";;"xiaomi mi 8";"12 mp";"1920x1080";"Caio"
"train/normal/091d9bb8-eb0e-48ef-946a-254a4f8f0a0b.png";"091d9bb8-cam.jpg";;"xiaomi mi 8";"12 mp";"1920x1080";"Caio"
"train/normal/09236f60-57e0-48b3-aede-a885f4dfe1b1.png";"09236f60-cam.jpg";;"xiaomi mi 8";"12 mp";"1920x1080";"Caio"
"train/normal/0927bc1e-e1af-4c7e-93c4-7127d366f57d.png";"0927bc1e-cam.jpg";;"xiaomi mi 8";"12 mp";"1920x1080";"Caio"
"train/normal/0934e2a4-10f9-45f2-9729-af674d68118c.png";"0934e2a4-cam.jpg";;"xiaomi mi 8";"12 mp";"1920x1080";"Caio"
"train/normal/0940017e-0dc8-414a-9560-98f13cd58610.png";"0940017e-cam.jpg";;"xiaomi mi 8";"12 mp";"1920x1080";"Caio"
"train/normal/094977f5-89e2-4f48-9c9f-5954aac94d59.png";"094977f5-cam.jpg";;"xiaomi mi 8";"12 mp";"1920x1080";"Caio"
"train/normal/0949dfc4-7613-432c-8d16-4cf0aa5b15bb.png";"0949dfc4-cam.jpg";;"xiaomi mi 8";"12 mp";"1920x1080";"Caio"
"train/normal/09547f4f-c52e-4fd7-8738-0e01e6277034.png";"09547f4f-cam.jpg";;"xiaomi mi 8";"12 mp";"1920x1080";"Caio"
"train/normal/09591753-b569-435e-bd44-a80a3cfc6927.png";"09591753-cam.jpg";;"xiaomi mi 8";"12 mp";"1920x1080";"Caio"
"train/normal/09629e2b-7f1e-499c-aab7-2bff196f034b.png";"09629e2b-cam.jpg";;"xiaomi mi 8";"12 mp";"1920x1080";"Caio"
"train/normal/09794a15-ea37-41f8-8a0e-a56a9a93eaa6.png";"09794a15-cam.jpg";;"xiaomi mi 8";"12 mp";"1920x1080";"Caio"
"train/normal/097aa88c-3228-4b27-8d30-2071fdb6a37d.png";"097aa88c-cam.jpg";;"xiaomi mi 8";"12 mp";"1920x1080";"Caio"
"train/normal/097df78d-7101-478a-9e33-2748a084e01e.png";"097df78d-cam.jpg";;"xiaomi mi 8";"12 mp";"1920x1080";"Caio"
"train/normal/09854bb5-4fed-43e2-96cf-8f24ca71cb6e.png";"09854bb5-cam.jpg";;"xiaomi mi 8";"12 mp";"1920x1080";"Caio"
"train/normal/0989935f-d8e5-4b59-a72e-077da14ba7f6.png";"0989935f-cam.jpg";;"xiaomi mi 8";"12 mp";"1920x1080";"Caio"
"train/normal/098c0843-d0f1-4aa3-b593-925d9327e31a.png";"098c0843-cam.jpg";;"xiaomi mi 8";"12 mp";"1920x1080";"Caio"
"train/normal/098fdba1-4918-40e8-bb74-9945214c8bd5.png";"098fdba1-cam.jpg";;"xiaomi mi 8";"12 mp";"1920x1080";"Caio"
"train/normal/09918992-0dfa-4ab4-9e3c-51444c0267aa.png";"09918992-cam.jpg";;"xiaomi mi 8";"12 mp";"1920x1080";"Caio"
"train/normal/0996439a-352a-4c75-bb53-d13759eca6b6.png";"0996439a-cam.jpg";;"xiaomi mi 8";"12 mp";"1920x1080";"Caio"
"train/pneumonia/SARS-10.1148rg.242035193-g04mr34g0-Fig8a-day0.jpeg";"sars-10.1148rg.day0-cam.jpg";"train";"Samsung S8";;;"Eduardo"
"train/pneumonia/SARS-10.1148rg.242035193-g04mr34g0-Fig8b-day5.jpeg";"sars-10.1148rg.day5-cam.jpg";"train";"Samsung S8";;;"Eduardo"
"train/pneumonia/SARS-10.1148rg.242035193-g04mr34g0-Fig8c-day10.jpeg";"sars-10.1148rg.day10-cam.jpg";"train";"Samsung S8";;;"Eduardo"
"train/pneumonia/SARS-10.1148rg.242035193-g04mr34g04a-Fig4a-day7.jpeg";"sars-10.1148rg.day7-cam.jpg";;"Samsung S8";;;"Eduardo"
"train/pneumonia/SARS-10.1148rg.242035193-g04mr34g04b-Fig4b-day12.jpeg";"sars-10.1148rg.day12-cam.jpg";;"Samsung S8";;;"Eduardo"
"train/pneumonia/SARS-10.1148rg.242035193-g04mr34g07a-Fig7a-day5.jpeg";"sars-10.1148rg.fig7a.day5-cam.jpg";;"Samsung S8";;;"Eduardo"
"train/pneumonia/SARS-10.1148rg.242035193-g04mr34g07b-Fig7b-day12.jpeg";"sars-10.1148rg.fig7b.day12-cam.jpg";;"Samsung S8";;;"Eduardo"
"train/pneumonia/SARS-10.1148rg.242035193-g04mr34g09a-Fig9a-day17.jpeg";"sars-10.1148rg.fig9a.day17-cam.jpg";;"Samsung S8";;;"Eduardo"
"train/pneumonia/SARS-10.1148rg.242035193-g04mr34g09b-Fig9b-day19.jpeg";"sars-10.1148rg.fig9b.day19-cam.jpg";;"LG G4";;;"Pedro"
"train/pneumonia/SARS-10.1148rg.242035193-g04mr34g09c-Fig9c-day27.jpeg";"sars-10.1148rg.fig9c.day27-cam.jpg";;"Samsung S8";;;"Eduardo"
"train/pneumonia/streptococcus-pneumoniae-pneumonia-1.jpg";"streptococcus-pneumonia-1-cam.jpg";;"Samsung S8";;;"Eduardo"
"train/pneumonia/pneumonia-7.jpg";"pneumonia-7-cam.jpg";;"Samsung S8";;;"Eduardo"
"train/pneumonia/pneumococcal-pneumonia-day0.jpg";"pneumococcal-day0-cam.jpg";;"Samsung S8";;;"Eduardo"
"train/pneumonia/pneumococcal-pneumonia-day7.jpg";"pneumococcal-day7-cam.jpg";;"Samsung S8";;;"Eduardo"
"train/pneumonia/pneumococcal-pneumonia-day35.jpg";"pneumococcal-day35-cam.jpg";;"Samsung S8";;;"Eduardo"
"train/pneumonia/parapneumonic-effusion-1-PA.png";"parapneumonic-1-PA-cam.jpg";;"Samsung S8";;;"Eduardo"
"train/pneumonia/right-upper-lobe-pneumonia-9-PA.jpg";"right-upper-lobe-pneumonia-9-PA-cam.jpg";;"Samsung S8";;;"Eduardo"
"train/pneumonia/chlamydia-pneumonia-PA.png";"chlamydia-pneumonia-PA-cam.jpg";;"Samsung S8";;;"Eduardo"
"train/pneumonia/cavitating-pneumonia-4-day0-PA.jpg";"cavitating-pneumonia-4-day0-PA-cam.jpg";;"Samsung S8";;;"Eduardo"
"train/pneumonia/cavitating-pneumonia-4-day28-PA.png";"cavitating-pneumonia-4-day28-PA-cam.jpg";;"Samsung S8";;;"Eduardo"
"train/pneumonia/klebsiella-pneumonia-1.jpg";"klebsiella-pneumonia-1-cam.jpg";;"Iphone 6s";;;"Gladston"
"train/pneumonia/legionella-pneumonia-1.png";"legionella-pneumonia-1-cam.jpg";;"Iphone 6s";;;"Gladston"
"train/pneumonia/legionella-pneumonia-2.jpg";"legionella-pneumonia-2-cam.jpg";;"Iphone 6s";;;"Gladston"
"train/pneumonia/wong-0000.jpg";"wong-0000-cam.jpg";;"Iphone 6s";;;"Gladston"
"train/pneumonia/wong-0002.jpg";"wong-0002-cam.jpg";;"Iphone 6s";;;"Gladston"
"train/pneumonia/wong-0003.jpg";"wong-0003-cam.jpg";;"Iphone 6s";;;"Gladston"
"train/pneumonia/wong-0004.jpg";"wong-0004-cam.jpg";;"Iphone 6s";;;"Gladston"
"train/pneumonia/wong-0005.jpg";"wong-0005-cam.jpg";;"Iphone 6s";;;"Gladston"
"train/pneumonia/00436515-870c-4b36-a041-de91049b9ab4.png";"00436515-870c-4b36-a041-de91049b9ab4-cam.jpg";;"Iphone 6s";;;"Gladston"
"train/pneumonia/00704310-78a8-4b38-8475-49f4573b2dbb.png";"00704310-78a8-4b38-8475-49f4573b2dbb-cam.jpg";;"Iphone 6s";;;"Gladston"
"train/pneumonia/00aecb01-a116-45a2-956c-08d2fa55433f.png";"00aecb01-a116-45a2-956c-08d2fa55433f-cam.jpg";;"Iphone 6s";;;"Gladston"
"train/pneumonia/00c0b293-48e7-4e16-ac76-9269ba535a62.png";"00c0b293-48e7-4e16-ac76-9269ba535a62-cam.jpg";;"Iphone 6s";;;"Gladston"
"train/pneumonia/00f08de1-517e-4652-a04f-d1dc9ee48593.png";"00f08de1-517e-4652-a04f-d1dc9ee48593-cam.jpg";;"Iphone 6s";;;"Gladston"
"train/pneumonia/0100515c-5204-4f31-98e0-f35e4b00004a.png";"0100515c-5204-4f31-98e0-f35e4b00004a-cam.jpg";;"Iphone 6s";;;"Gladston"
"train/pneumonia/012a5620-d082-4bb8-9b3b-e72d8938000c.png";"012a5620-d082-4bb8-9b3b-e72d8938000c-cam.jpg";;"Iphone 6s";;;"Gladston"
"train/pneumonia/019d950b-dd38-4cf3-a686-527a75728be6.png";"019d950b-dd38-4cf3-a686-527a75728be6-cam.jpg";;"Iphone 6s";;;"Gladston"
"train/pneumonia/01a6eaa6-222f-4ea8-9874-bbd89dc1a1ce.png";"01a6eaa6-222f-4ea8-9874-bbd89dc1a1ce-cam.jpg";;"Iphone 6s";;;"Gladston"
"train/pneumonia/01a7353d-25bb-4ff8-916b-f50dd541dccf.png";"01a7353d-25bb-4ff8-916b-f50dd541dccf-cam.jpg";;"Iphone 6s";;;"Gladston"
"train/pneumonia/01adfd2f-7bc7-4cef-ab68-a0992752b620.png";"01adfd2f-7bc7-4cef-ab68-a0992752b620-cam.jpg";;"Iphone 6s";;;"Gladston"
"train/pneumonia/01b9e362-4950-40f5-88fa-7557ac2a45bb.png";"01b9e362-4950-40f5-88fa-7557ac2a45bb-cam.jpg";;"Iphone 6s";;;"Gladston"
"train/pneumonia/01be392f-a46d-4aef-a57e-9cd1a80dd47e.png";"01be392f-cam.jpg";"train";"Moto G5 plus";"4:3(12MP)";"1366x768";"Larissa"
"train/pneumonia/01cad8d0-45cd-4603-b099-94055d322310.png";"01cad8d0-cam.jpg";"train";"Moto G5 plus";"4:3(12MP)";"1366x768";"Larissa"
"train/pneumonia/01cd2ba5-2baf-44b2-bf15-ee57e1ea4599.png";"01cd2ba5-cam.jpg";"train";"Moto G5 plus";"4:3(12MP)";"1366x768";"Larissa"
"train/pneumonia/01d4fa0f-97a0-4522-b0d8-134400db2a3e.png";"01d4fa0f-cam.jpg";"train";"Moto G5 plus";"4:3(12MP)";"1366x768";"Larissa"
"train/pneumonia/01dc817c-3cfa-49fe-8662-518edc30652a.png";"01dc817c-cam.jpg";"train";"Moto G5 plus";"4:3(12MP)";"1366x768";"Larissa"
"train/pneumonia/01f3abc2-33c7-4ea2-a599-dc49b76fcfae.png";"01f3abc2-cam.jpg";"train";"Moto G5 plus";"4:3(12MP)";"1366x768";"Larissa"
"train/pneumonia/01fa0f5e-00c3-41cb-b5c7-10600c8633ae.png";"01fa0f5e-cam.jpg";"train";"Moto G7 Play";"4:3(13MP)";"1920x1080";"Rodrigo"
"train/pneumonia/01fdfd88-7607-48b9-ba05-a36e8b6fd19b.png";"01fdfd88-cam.jpg";"train";"Moto G7 Play";"4:3(13MP)";"1920x1080";"Rodrigo"
"train/pneumonia/020380f8-5c5a-4ded-bdf3-9ce3036945b4.png";"020380f8-cam.jpg";"train";"Moto G7 Play";"4:3(13MP)";"1920x1080";"Rodrigo"
"train/pneumonia/02099738-7465-4786-b71c-de8cdac477c3.png";"2099738-cam.jpg";"train";"Moto G7 Play";"4:3(13MP)";"1920x1080";"Rodrigo"
"train/pneumonia/020a16e3-baf9-4cf0-859c-c79b5253d717.png";"020a16e3-cam.jpg";"train";"Moto G7 Play";"4:3(13MP)";"1920x1080";"Rodrigo"
"train/pneumonia/02285fa4-35b7-4af6-b88f-3cac45a7f5c8.png";"02285fa4-cam.jpg";"train";"Moto G7 Play";"4:3(13MP)";"1920x1080";"Rodrigo"
"train/pneumonia/02c34d5b-16e9-412e-a385-ccd8cbceae16.png";"02c34d5b-cam.jpg";"train";"Moto G7 Play";"4:3(13MP)";"1920x1080";"Rodrigo"
"train/pneumonia/02e93c9a-c063-4bf2-9fa1-cb26692d58f8.png";"02e93c9a-cam.jpg";"train";"Moto G7 Play";"4:3(13MP)";"1920x1080";"Rodrigo"
"train/pneumonia/02ea6b76-4189-47c5-a8bf-70590f84ebd8.png";"02ea6b76-cam.jpg";"train";"Moto G7 Play";"4:3(13MP)";"1920x1080";"Rodrigo"
"train/pneumonia/03249840-0a17-448c-bf41-7e156428ab59.png";"3249840-cam.jpg";"train";"Moto G7 Play";"4:3(13MP)";"1920x1080";"Rodrigo"
"train/pneumonia/035789b1-3736-405d-9910-f8f23c62ae9f.png";"035789b1-cam.jpg";"train";"Moto G7 Play";"4:3(13MP)";"1920x1080";"Rodrigo"
"train/pneumonia/03ae75b6-45a7-4a68-9871-f07b82b17bf6.png";"03ae75b6-cam.jpg";"train";"Moto G7 Play";"4:3(13MP)";"1920x1080";"Rodrigo"
"train/pneumonia/03cd7a5b-d5d7-40a1-81b1-c4264920530a.png";"03cd7a5b-cam.jpg";"train";"Moto G7 Play";"4:3(13MP)";"1920x1080";"Rodrigo"
"train/pneumonia/03d92597-3e33-4fdf-8db5-a27cf5b8d3eb.png";"03d92597-cam.jpg";"train";"Moto G7 Play";"4:3(13MP)";"1920x1080";"Rodrigo"
"train/pneumonia/03e9a70f-3de8-4e13-b3f2-9dd6d75f496d.png";"03e9a70f-cam.jpg";"train";"Moto G7 Play";"4:3(13MP)";"1920x1080";"Rodrigo"
"train/pneumonia/03edb5ed-9e76-4abe-bc35-7bc95fea7e6a.png";"03edb5ed-cam.jpg";"train";"Moto G7 Play";"4:3(13MP)";"1920x1080";"Rodrigo"
"train/pneumonia/0499513a-5d48-4cf9-aac8-115e2a52fe1a.png";"0499513a-cam.jpg";"train";"Moto G7 Play";"4:3(13MP)";"1920x1080";"Rodrigo"
"train/pneumonia/049d7317-5a8b-4fc4-b81f-159fe6b45a92.png";"049d7317-cam.jpg";"train";"Moto G7 Play";"4:3(13MP)";"1920x1080";"Rodrigo"
"train/pneumonia/04a6aa6d-bd6d-48b1-822b-21b81c4bdf3a.png";"04a6aa6d-cam.jpg";"train";"Moto G7 Play";"4:3(13MP)";"1920x1080";"Rodrigo"
"train/pneumonia/04d59a79-e659-49ca-8790-511f89ac3e1b.png";"04d59a79-cam.jpg";"train";"Moto G7 Play";"4:3(13MP)";"1920x1080";"Rodrigo"
"train/pneumonia/05083068-f4df-464a-b669-3c084ee05f1f.png";"05083068-cam.jpg";"train";"Moto G7 Play";"4:3(13MP)";"1920x1080";"Rodrigo"
"train/pneumonia/051e6e97-fda7-4b5c-8d5f-084bf3607d22.png";"051e6e97-cam.jpg";"train";"Moto G7 Play";"4:3(13MP)";"1920x1080";"Rodrigo"
"train/pneumonia/0587782c-ac6b-4ae1-8ffb-ce894d09f75e.png";"0587782c-cam.jpg";"train";"Moto G7 Play";"4:3(13MP)";"1920x1080";"Rodrigo"
"train/pneumonia/059f1e59-573c-49d1-ac78-3323a2ff047f.png";"059f1e59-cam.jpg";;"xiaomi mi 8";"12 mp";"1920x1080";"Caio"
"train/pneumonia/05b91b32-5635-4071-b45d-6a73f8eea918.png";"05b91b32-cam.jpg";;"xiaomi mi 8";"12 mp";"1920x1080";"Caio"
"train/pneumonia/05b970e1-b223-4c17-a6a8-3f78c43c5308.png";"05b970e1-cam.jpg";;"xiaomi mi 8";"12 mp";"1920x1080";"Caio"
"train/pneumonia/05bb6f8d-453b-4e56-ae92-2600e058ba65.png";"05bb6f8d-cam.jpg";;"xiaomi mi 8";"12 mp";"1920x1080";"Caio"
"train/pneumonia/05d4d725-02a2-4c90-8ef8-463217889ba8.png";"05d4d725-cam.jpg";;"xiaomi mi 8";"12 mp";"1920x1080";"Caio"
"train/pneumonia/05dad446-45f7-44df-bd2f-4673d9502348.png";"05dad446-cam.jpg";;"xiaomi mi 8";"12 mp";"1920x1080";"Caio"
"train/pneumonia/05ead813-3c04-4e42-a5e1-4ca43294ece9.png";"05ead813-cam.jpg";;"xiaomi mi 8";"12 mp";"1920x1080";"Caio"
"train/pneumonia/05fb0374-ab2d-4cf4-bb36-ce56fb2c28a5.png";"05fb0374-cam.jpg";;"xiaomi mi 8";"12 mp";"1920x1080";"Caio"
"train/pneumonia/05fe70c1-4cc1-42fb-9303-083fd29dac0f.png";"05fe70c1-cam.jpg";;"xiaomi mi 8";"12 mp";"1920x1080";"Caio"
"train/pneumonia/05fe7d73-5c8c-4349-88c4-2071a00d6d81.png";"05fe7d73-cam.jpg";;"xiaomi mi 8";"12 mp";"1920x1080";"Caio"
"train/pneumonia/06089341-a69b-4777-817b-041be894b436.png";"06089341-cam.jpg";;"xiaomi mi 8";"12 mp";"1920x1080";"Caio"
"train/pneumonia/06155af4-88f1-48b3-8860-27578f1b2e04.png";"06155af4-cam.jpg";;"xiaomi mi 8";"12 mp";"1920x1080";"Caio"
"train/pneumonia/061664a4-6a23-4cb2-a0da-0c5712b6e0a6.png";"061664a4-cam.jpg";;"xiaomi mi 8";"12 mp";"1920x1080";"Caio"
"train/pneumonia/0618a5bc-196d-4afc-9ac4-d0aa940c6e03.png";"0618a5bc-cam.jpg";;"xiaomi mi 8";"12 mp";"1920x1080";"Caio"
"train/pneumonia/061b44ff-fd22-473d-853f-81da70e14a63.png";"061b44ff-cam.jpg";;"xiaomi mi 8";"12 mp";"1920x1080";"Caio"
"train/pneumonia/061bb9bf-13c6-4ea0-bd82-5768fb83dff8.png";"061bb9bf-cam.jpg";;"xiaomi mi 8";"12 mp";"1920x1080";"Caio"
"train/pneumonia/061d0ff4-a611-42ce-b780-1d1eb55e50ab.png";"061d0ff4-cam.jpg";;"xiaomi mi 8";"12 mp";"1920x1080";"Caio"
"train/pneumonia/0620afa3-b2ea-442e-9e4f-c854086ca763.png";"0620afa3-cam.jpg";;"xiaomi mi 8";"12 mp";"1920x1080";"Caio"
"train/pneumonia/06250f9d-5ad9-44ca-9283-dbf787e2ad22.png";"06250f9d-cam.jpg";;"xiaomi mi 8";"12 mp";"1920x1080";"Caio"
"train/pneumonia/06327569-4e4f-4fdc-a116-db367c079669.png";"06327569-cam.jpg";;"xiaomi mi 8";"12 mp";"1920x1080";"Caio"
"train/pneumonia/0637b804-e693-48d1-8716-f7c63ce6162a.png";"0637b804-cam.jpg";"train";"Moto G5 plus";"4:3(12MP)";"1366x768";"Larissa"
"train/pneumonia/0638709c-d31d-4a59-a9e4-fc408ae36145.png";"0638709c-cam.jpg.jpg";"train";"Moto G5 plus";"4:3(12MP)";"1366x768";"Larissa"
"train/pneumonia/063fed6c-4ecd-4a74-8f0d-c7a906a3afa4.png";"063fed6c-cam.jpg";;"xiaomi mi 8";"12 mp";"1920x1080";"Caio"
"train/pneumonia/06420c87-02ee-4315-aa3a-63e911174435.png";"06420c87-cam.jpg";;"xiaomi mi 8";"12 mp";"1920x1080";"Caio"
"train/pneumonia/06550cfd-e9d5-415e-bae9-3146329ed9e6.png";"06550cfd-cam.jpg";;"xiaomi mi 8";"12 mp";"1920x1080";"Caio"
"train/pneumonia/06634f15-9c78-47a1-97eb-f10f4c210765.png";"06634f15-cam.jpg";;"xiaomi mi 8";"12 mp";"1920x1080";"Caio"
"train/pneumonia/06697be9-b1ab-444c-af0d-fd11a053f2b3.png";"06697be9-cam.jpg";;"xiaomi mi 8";"12 mp";"1920x1080";"Caio"
"train/pneumonia/066d9e27-e48f-4453-b1e1-d73c34910722.png";"066d9e27-cam.jpg";;"xiaomi mi 8";"12 mp";"1920x1080";"Caio"
"train/pneumonia/06737bed-8dc1-47d9-8c30-324282dcc84d.png";"06737bed-cam.jpg";;"xiaomi mi 8";"12 mp";"1920x1080";"Caio"
"train/pneumonia/06893030-14ab-456d-a22d-05070773e370.png";"06893030-cam.jpg";;"xiaomi mi 8";"12 mp";"1920x1080";"Caio"
"train/pneumonia/068b608d-f71c-4859-b909-62c1665b507f.png";"068b608d-cam.jpg";;"xiaomi mi 8";"12 mp";"1920x1080";"Caio"
"train/pneumonia/0695a0d8-d4b6-4dbe-bc04-497897e4516a.png";"0695a0d8-cam.jpg";"train";"Moto G5 plus";"4:3(12MP)";"1366x768";"Larissa"
"train/pneumonia/0697baae-e475-4fa3-ad82-51b319a026cc.png";"0697baae-cam.jpg";"train";"Moto G5 plus";"4:3(12MP)";"1366x768";"Larissa"
"train/pneumonia/06a07f16-f6b5-4ae5-8f68-a97131fe4701.png";"06a07f16-cam.jpg";"train";"Samsung S8";;;"Eduardo"
"train/pneumonia/06a4f477-34ca-4625-945b-81bfa9e77273.png";"06a4f477-cam.jpg";"train";;;;"Eduardo"
"train/pneumonia/06ac3c8c-cd1f-4e10-ac24-4cb4f3ab1243.png";"06ac3c8c-cam.jpg";"train";;;;"Eduardo"
"train/pneumonia/06b52ffd-71b8-429a-a284-bb39240ed343.png";"06b52ffd-cam.jpg";"train";;;;"Eduardo"
"train/pneumonia/06b64e36-9e61-4865-bfe4-d96eef86548c.png";"06b64e36-cam.jpg";"train";;;;"Eduardo"
"train/pneumonia/06bf9151-5732-4968-b198-f4109676cd55.png";"06bf9151-cam.jpg";"train";;;;"Eduardo"
"train/pneumonia/06c3e09b-341b-4fb9-9e28-bfd9cf298c6d.png";"06c3e09b-cam.jpg";"train";;;;"Eduardo"
"train/pneumonia/06c50ad5-8ffd-480b-8424-dd38df7ca86c.png";"06c50ad5-cam.jpg";"train";;;;"Eduardo"
"train/pneumonia/06cc9b59-b8ff-4a6b-9e5b-f127c7c1208d.png";"06cc9b59-cam.jpg";"train";;;;"Eduardo"
"train/pneumonia/06cf339f-a71a-4177-b950-ae1fdd5f4762.png";"06cf339f-cam.jpg";"train";;;;"Eduardo"
"train/pneumonia/06d5a58d-baf1-4937-bfc3-00db1fb2b1be.png";"06d5a58d-cam.jpg";"train";;;;"Eduardo"
"train/pneumonia/06d6e209-0bd4-45d4-81b4-4b97546d57fa.png";"06d6e209-cam.jpg";"train";;;;"Eduardo"
"train/pneumonia/06df5d57-6f34-43c0-99ad-b9b5f9346cbd.png";"06df5d57-cam.jpg";;;;;"Eduardo"
"train/pneumonia/06e09ebb-cb5b-4c30-8d3a-67a6ec34692b.png";"06e09ebb-cam.jpg";;;;;"Eduardo"
"train/pneumonia/06ec9278-5144-4b88-87f4-c195bb24857d.png";"06ec9278-cam.jpg";;;;;"Eduardo"
"train/pneumonia/06efb50a-e30e-4e44-b323-c228c66d80a6.png";"06efb50a-cam.jpg";;;;;"Eduardo"
"train/pneumonia/06f35e64-4b8b-404e-933a-c98f0b5614cc.png";"06f35e64-cam.jpg";;;;;"Eduardo"
"train/pneumonia/06f5a38a-e4b1-4e5f-8c62-f48630a52504.png";"06f5a38a-cam.jpg";;;;;"Eduardo"
"train/pneumonia/06fc2885-127a-4274-b20c-554d352ea21b.png";"06fc2885-cam.jpg";;;;;"Eduardo"
"train/pneumonia/0702a884-c189-4a05-bcf5-dc72f4f406fc.png";"0702a884-cam.jpg";"train";"Moto G5 plus";"4:3(12MP)";"1366x768";"Larissa"
"train/pneumonia/07075b45-c83b-4e9a-971e-4b6c4554a0ef.png";"07075b45-cam.jpg";;"xiaomi mi 8";"12 mp";"1920x1080";"Caio"
"train/pneumonia/071206e7-d4c0-418d-9d06-ef6505ee5316.png";"071206e7-cam.jpg";;"xiaomi mi 8";"12 mp";"1920x1080";"Caio"
"train/pneumonia/072e7048-52f1-4b2b-be08-42e0ca1ba1ee.png";"072e7048-cam.jpg";;"xiaomi mi 8";"12 mp";"1920x1080";"Caio"
"train/pneumonia/073102b7-565c-460a-9b69-13e2f34c4ee9.png";"073102b7-cam.jpg";;"xiaomi mi 8";"12 mp";"1920x1080";"Caio"
"train/pneumonia/07332989-6518-4bd9-96de-f4513948cf4a.png";"07332989-cam.jpg";;"xiaomi mi 8";"12 mp";"1920x1080";"Caio"
"train/pneumonia/07349035-d546-41ec-813a-612614536f5a.png";"07349035-cam.jpg";;"xiaomi mi 8";"12 mp";"1920x1080";"Caio"
"train/pneumonia/073630e6-3b52-4b41-a14b-bf8bb57e28ea.png";"073630e6-cam.jpg";;"xiaomi mi 8";"12 mp";"1920x1080";"Caio"
"train/pneumonia/0742a7f3-5f8e-474b-bd1f-0ba8ba9a6b19.png";"0742a7f3-cam.jpg";"train";"Moto G5 plus";"4:3(12MP)";"1366x768";"Larissa"
"train/pneumonia/07464097-0781-4632-90ee-39b0e53cd72c.png";"07464097-cam.jpg";;"xiaomi mi 8";"12 mp";"1920x1080";"Caio"
"train/pneumonia/074f8729-c5ea-4830-8249-9a04208eab5e.png";"074f8729-cam.jpg";;"xiaomi mi 8";"12 mp";"1920x1080";"Caio"
"train/pneumonia/074f91b5-e915-4b6f-bdf0-af1ee55ebd9b.png";"074f91b5-cam.jpg";;"xiaomi mi 8";"12 mp";"1920x1080";"Caio"
"train/pneumonia/076eab63-d75d-4272-a5d3-13eae02f2c8f.png";"076eab63-cam.jpg";;"xiaomi mi 8";"12 mp";"1920x1080";"Caio"
"train/pneumonia/077780cb-eb05-478f-a7d7-f0576e4c34df.png";"077780cb-cam.jpg";;"xiaomi mi 8";"12 mp";"1920x1080";"Caio"
"train/pneumonia/0798f0c3-bf7d-4f04-bd5e-b119163ea1b0.png";"0798f0c3-cam.jpg";"train";"Moto G5 plus";"4:3(12MP)";"1366x768";"Larissa"
"train/pneumonia/07a35aa8-491e-49f2-a9a3-13df10f32484.png";"07a35aa8-cam.jpg";;"xiaomi mi 8";"12 mp";"1920x1080";"Caio"
"train/pneumonia/07b7b9b0-718a-4750-b1f4-5af45c5607f2.png";"07b7b9b0-cam.jpg";;"xiaomi mi 8";"12 mp";"1920x1080";"Caio"
"train/pneumonia/07bb7f0d-ef4b-4963-b453-7f9d8c5b7c62.png";"07bb7f0d-cam.jpg";;"xiaomi mi 8";"12 mp";"1920x1080";"Caio"
"train/pneumonia/07c379f0-8ceb-4ba9-84be-cfbb29de8ba5.png";"07c379f0-cam.jpg";;"xiaomi mi 8";"12 mp";"1920x1080";"Caio"
"train/pneumonia/07c99b1f-cf0c-40da-8ea9-8c5c9cd51189.png";"07c99b1f-cam.jpg";;"xiaomi mi 8";"12 mp";"1920x1080";"Caio"
"train/pneumonia/07d1a89d-351c-4a75-993a-ba315142b419.png";"07d1a89d-cam.jpg";;"xiaomi mi 8";"12 mp";"1920x1080";"Caio"
"train/pneumonia/07d8eecd-8160-4f1f-8e26-d35de039cef6.png";"07d8eecd-cam.jpg";;"xiaomi mi 8";"12 mp";"1920x1080";"Caio"
"train/pneumonia/07f78db5-7d9a-4ba0-a00f-02c36953020f.png";"07f78db5-cam.jpg";;"xiaomi mi 8";"12 mp";"1920x1080";"Caio"
"train/pneumonia/0808c4af-9ed6-46e3-a936-2cafb0004e6a.png";"0808c4af-cam.jpg";"train";"Moto G5 plus";"4:3(12MP)";"1366x768";"Larissa"
"train/pneumonia/0812652c-3d92-4cda-9a06-c9d232e0b96d.png";"0812652c-cam.jpg";;"Samsung S8";;;"Eduardo"
"train/pneumonia/081a54bb-0144-4c22-9909-e3e45b15ff4c.png";"081a54bb-cam.jpg";;"Samsung S8";;;"Eduardo"
"train/pneumonia/082fb468-30f1-43c1-ac04-62d16fdd883b.png";"082fb468-cam.jpg";;"Samsung S8";;;"Eduardo"
"train/pneumonia/082fd63e-aec4-401a-822b-eb10d98b562c.png";"082fd63e-cam.jpg";;"Samsung S8";;;"Eduardo"
"train/pneumonia/08307845-ccbd-4616-b8e9-58532a766dbe.png";"08307845-cam.jpg";;"Samsung S8";;;"Eduardo"
"train/pneumonia/083a1a20-f642-42e3-b20b-937383f6da3c.png";"083a1a20-cam.jpg";;"Samsung S8";;;"Eduardo"
"train/pneumonia/084aa98a-91aa-45d8-aa52-4fad8344b0bf.png";"084aa98a-cam.jpg";;"Samsung S8";;;"Eduardo"
"train/COVID-19/auntminnie-a-2020_01_28_23_51_6665_2020_01_28_Vietnam_coronavirus.jpeg";"auntminnie-a-vietnam-cam.jpg";;"Samsung S8";;;"Eduardo"
"train/COVID-19/auntminnie-b-2020_01_28_23_51_6665_2020_01_28_Vietnam_coronavirus.jpeg";"auntminnie-b-vietnam-cam.jpg";;"Samsung S8";;;"Eduardo"
"train/COVID-19/auntminnie-c-2020_01_28_23_51_6665_2020_01_28_Vietnam_coronavirus.jpeg";"auntminnie-c-vietnam-cam.jpg";;"Samsung S8";;;"Eduardo"
"train/COVID-19/auntminnie-d-2020_01_28_23_51_6665_2020_01_28_Vietnam_coronavirus.jpeg";"auntminnie-d-vietnam-cam.jpg";;"Samsung S8";;;"Eduardo"
"train/COVID-19/nejmc2001573_f1a.jpeg";"nejmc2001573_f1a-cam.jpg";"train";"Samsung S8";;;"Eduardo"
"train/COVID-19/nejmc2001573_f1b.jpeg";"nejmc2001573_f1b-cam.jpg";"train";"Samsung S8";;;"Eduardo"
"train/COVID-19/lancet-case2a.jpg";"lancet-case2a-cam.jpg";"train";"Samsung S8";;;"Eduardo"
"train/COVID-19/lancet-case2b.jpg";"lancet-case2b-cam.jpg";"train";"Samsung S8";;;"Eduardo"
"train/COVID-19/1-s2.0-S0140673620303706-fx1_lrg.jpg";"1-s2.0-fx1_lrg-cam.jpg";"train";"Samsung S8";;;"Eduardo"
"train/COVID-19/nCoV-radiol.2020200269.fig1-day7.jpeg";"nCoV-radiol.fig1-day7-cam.jpg";"train";"Samsung S8";;;"Eduardo"
"train/COVID-19/nejmoa2001191_f1-PA.jpeg";"nejmoa2001191_f1-PA-cam.jpg";"train";"Samsung S8";;;"Eduardo"
"train/COVID-19/nejmoa2001191_f3-PA.jpeg";"nejmoa2001191_f3-PA-cam.jpg";"train";"Samsung S8";;;"Eduardo"
"train/COVID-19/nejmoa2001191_f4.jpeg";"nejmoa2001191_f4-cam.jpg";"train";"Samsung S8";;;"Eduardo"
"train/COVID-19/nejmoa2001191_f5-PA.jpeg";"nejmoa2001191_f5-PA-cam.jpg";"train";"Samsung S8";;;"Eduardo"
"train/COVID-19/ryct.2020200034.fig2.jpeg";"ryct.2020200034.fig2-cam.jpg";"train";"Samsung S8";;;"Eduardo"
"train/COVID-19/ryct.2020200034.fig5-day0.jpeg";"ryct.2020200034.fig5-day0-cam.jpg";"train";"Samsung S8";;;"Eduardo"
"train/COVID-19/ryct.2020200034.fig5-day4.jpeg";"ryct.2020200034.fig5-day4-cam.jpg";"train";"Samsung S8";;;"Eduardo"
"train/COVID-19/ryct.2020200034.fig5-day7.jpeg";"ryct.2020200034.fig5-day7-cam.jpg";"train";"Samsung S8";;;"Eduardo"
"train/COVID-19/ryct.2020200028.fig1a.jpeg";"ryct.2020200028.fig1a-cam.jpg";"train";"Samsung S8";;;"Eduardo"
"train/COVID-19/jkms-35-e79-g001-l-a.jpg";"jkms-35-a-cam.jpg";;"Samsung S8";;;"Eduardo"
"train/COVID-19/jkms-35-e79-g001-l-b.jpg";"jkms-35-b-cam.jpg";;"Samsung S8";;;"Eduardo"
"train/COVID-19/jkms-35-e79-g001-l-c.jpg";"jkms-35-c-cam.jpg";;"Samsung S8";;;"Eduardo"
"train/COVID-19/radiol.2020200490.fig3.jpeg";"radiol.fig3-cam.jpg";;"Samsung S8";;;"Eduardo"
"train/COVID-19/covid-19-pneumonia-2.jpg";"covid-19-pneumonia-2-cam.jpg";;"Samsung S8";;;"Eduardo"
"train/COVID-19/covid-19-pneumonia-7-PA.jpg";"covid-19-pneumonia-7-PA-cam.jpg";;"Samsung S8";;;"Eduardo"
"train/COVID-19/covid-19-pneumonia-14-PA.png";"covid-19-pneumonia-14-PA-cam.jpg";;"Samsung S8";;;"Eduardo"
"train/COVID-19/covid-19-pneumonia-12.jpg";"covid-19-pneumonia-12-cam.jpg";;"Samsung S8";;;"Eduardo"
"train/COVID-19/39EE8E69-5801-48DE-B6E3-BE7D1BCF3092.jpeg";"39ee8e69-cam.jpg";"train";"Samsung S8";;;"Eduardo"
"train/COVID-19/7C69C012-7479-493F-8722-ABC29C60A2DD.jpeg";"7c69c012-cam.jpg";;"Samsung S8";;;"Eduardo"
"train/COVID-19/2C10A413-AABE-4807-8CCE-6A2025594067.jpeg";"2c10a413-cam.jpg";;"Samsung S8";;;"Eduardo"
"train/COVID-19/E1724330-1866-4581-8CD8-CEC9B8AFEDDE.jpeg";"e1724330-cam.jpg";;"Samsung S8";;;"Eduardo"
"train/COVID-19/F2DE909F-E19C-4900-92F5-8F435B031AC6.jpeg";"f2de909f-cam.jpg";;"Samsung S8";;;"Eduardo"
"train/COVID-19/31BA3780-2323-493F-8AED-62081B9C383B.jpeg";"31ba3780-cam.jpg";;"Samsung S8";;;"Eduardo"
"train/COVID-19/1312A392-67A3-4EBF-9319-810CF6DA5EF6.jpeg";"1312a392-cam.jpg";;"Samsung S8";;;"Eduardo"
"train/COVID-19/23E99E2E-447C-46E5-8EB2-D35D12473C39.png";"23e99e2e-cam.jpg";;"Samsung S8";;;"Eduardo"
"train/COVID-19/7AF6C1AF-D249-4BD2-8C26-449304105D03.jpeg";"7af6c1af-cam.jpg";;"Samsung S8";;;"Eduardo"
"train/COVID-19/CD50BA96-6982-4C80-AE7B-5F67ACDBFA56.jpeg";"cd50ba96-cam.jpg";;"Samsung S8";;;"Eduardo"
"train/COVID-19/85E52EB3-56E9-4D67-82DA-DEA247C82886.jpeg";"85e52eb3-cam.jpg";;"Samsung S8";;;"Eduardo"
"train/COVID-19/6CB4EFC6-68FA-4CD5-940C-BEFA8DAFE9A7.jpeg";"6cb4efc6-cam.jpg";;"Samsung S8";;;"Eduardo"
"train/COVID-19/01E392EE-69F9-4E33-BFCE-E5C968654078.jpeg";"01e392ee-cam.jpg";;"Samsung S8";;;"Eduardo"
"train/COVID-19/F63AB6CE-1968-4154-A70F-913AF154F53D.jpeg";"f63ab6ce-cam.jpg";;"Samsung S8";;;"Eduardo"
"train/COVID-19/2C26F453-AF3B-4517-BB9E-802CF2179543.jpeg";"2c26f453-cam.jpg";;"Samsung S8";;;"Eduardo"
"train/COVID-19/93FE0BB1-022D-4F24-9727-987A07975FFB.jpeg";"93fe0bb1-cam.jpg";;"Samsung S8";;;"Eduardo"
"train/COVID-19/B59DD164-51D5-40DF-A926-6A42DD52EBE8.jpeg";"b59dd164-cam.jpg";;"Samsung S8";;;"Eduardo"
"train/COVID-19/F4341CE7-73C9-45C6-99C8-8567A5484B63.jpeg";"f4341ce7-cam.jpg";;"Samsung S8";;;"Eduardo"
"train/COVID-19/E63574A7-4188-4C8D-8D17-9D67A18A1AFA.jpeg";"e63574a7-cam.jpg";;"Samsung S8";;;"Eduardo"
"train/COVID-19/5CBC2E94-D358-401E-8928-965CCD965C5C.jpeg";"5cbc2e94-cam.jpg";;"Samsung S8";;;"Eduardo"
"train/COVID-19/446B2CB6-B572-40AB-B01F-1910CA07086A.jpeg";"446B2CB6-cam.jpg";"train";"xiaomi mi 8";"12 mp";"1920x1080";"Caio"
"train/COVID-19/80446565-E090-4187-A031-9D3CEAA586C8.jpeg";"80446565-cam.jpg";"train";"xiaomi mi 8";"12 mp";"1920x1080";"Caio"
"train/COVID-19/7E335538-2F86-424E-A0AB-6397783A38D0.jpeg";"7E335538-cam.jpg";"train";"xiaomi mi 8";"12 mp";"1920x1080";"Caio"
"train/COVID-19/D7AF463C-2369-492D-908D-BE1911CCD74C.jpeg";"D7AF463C-cam.jpg";"train";"xiaomi mi 8";"12 mp";"1920x1080";"Caio"
"train/COVID-19/all14238-fig-0001-m-b.jpg";"all14238-fig-0001-m-b-cam.jpg";;"iphone 6s";;;"Gladston"
"train/COVID-19/all14238-fig-0001-m-c.jpg";"all14238-fig-0001-m-c-cam.jpg";;"iphone 6s";;;"Gladston"
"train/COVID-19/all14238-fig-0002-m-d.jpg";"all14238-fig-0002-m-d-cam.jpg";;"iphone 6s";;;"Gladston"
"train/COVID-19/all14238-fig-0002-m-e.jpg";"all14238-fig-0002-m-e-cam.jpg";;"iphone 6s";;;"Gladston"
"train/COVID-19/all14238-fig-0002-m-f.jpg";"all14238-fig-0002-m-f-cam.jpg";;"iphone 6s";;;"Gladston"
"train/COVID-19/1-s2.0-S1684118220300608-main.pdf-001.jpg";"1-s2.0-S1684118220300608-main.pdf-001-cam.jpg";;"iphone 6s";;;"Gladston"
"train/COVID-19/1-s2.0-S1684118220300608-main.pdf-002.jpg";"1-s2.0-S1684118220300608-main.pdf-002-cam.jpg";;"iphone 6s";;;"Gladston"
"train/COVID-19/ciaa199.pdf-001-a.png";"ciaa199.pdf-001-a-cam.jpg";;"iphone 6s";;;"Gladston"
"train/COVID-19/ciaa199.pdf-001-b.png";"ciaa199.pdf-001-b-cam.jpg";;"iphone 6s";;;"Gladston"
"train/COVID-19/ciaa199.pdf-001-c.png";"ciaa199.pdf-001-c-cam.jpg";;"iphone 6s";;;"Gladston"
"train/COVID-19/kjr-21-e24-g001-l-a.jpg";"kjr-21-e24-g001-l-a-cam.jpg";;"iphone 6s";;;"Gladston"
"train/COVID-19/kjr-21-e24-g002-l-a.jpg";"kjr-21-e24-g002-l-a-cam.jpg";;"iphone 6s";;;"Gladston"
"train/COVID-19/kjr-21-e24-g003-l-a.jpg";"kjr-21-e24-g003-l-a-cam.jpg";;"iphone 6s";;;"Gladston"
"train/COVID-19/1-s2.0-S1684118220300682-main.pdf-002-a1.png";"1-s2.0-S1684118220300682-main.pdf-002-a1-cam.jpg";;"iphone 6s";;;"Gladston"
"train/COVID-19/1-s2.0-S1684118220300682-main.pdf-002-a2.png";"1-s2.0-S1684118220300682-main.pdf-002-a2-cam.jpg";;"iphone 6s";;;"Gladston"
"train/COVID-19/1-s2.0-S1684118220300682-main.pdf-003-b1.png";"1-s2.0-S1684118220300682-main.pdf-003-b1-cam.jpg";"train";"xiaomi mi 8";"12 mp";"1920x1080";"Caio"
"train/COVID-19/1-s2.0-S1684118220300682-main.pdf-003-b2.png";"1-s2.0-S1684118220300682-main.pdf-003-b2-cam.jpg";"train";"xiaomi mi 8";"12 mp";"1920x1080";"Caio"
"train/COVID-19/gr1_lrg-a.jpg";"gr1_lrg-a-cam.jpg";;"Samsung S8";;;"Eduardo"
"train/COVID-19/gr1_lrg-b.jpg";"gr1_lrg-b-cam.jpg";;"Samsung S8";;;"Eduardo"
"train/COVID-19/7D2CF6CE-F529-4470-8356-D33FFAF98600.jpeg";"7d2cf6ce-cam.jpg";;"Samsung S8";;;"Eduardo"
"train/COVID-19/FE9F9A5D-2830-46F9-851B-1FF4534959BE.jpeg";"fe9f9a5d-cam.jpg";;"Samsung S8";;;"Eduardo"
"train/COVID-19/171CB377-62FF-4B76-906C-F3787A01CB2E.jpeg";"171cb377-cam.jpg";;"Samsung S8";;;"Eduardo"
"train/COVID-19/5931B64A-7B97-485D-BE60-3F1EA76BC4F0.jpeg";"5931b64a-cam.jpg";;"Samsung S8";;;"Eduardo"
"train/COVID-19/C6EA0BE5-B01E-4113-B194-18D956675E25.jpeg";"c6ea0be5-cam.jpg";;"Samsung S8";;;"Eduardo"
"train/COVID-19/7EF28E12-F628-4BEC-A8C5-E6277C2E4F60.png";"7ef28e12-cam.jpg";;"Samsung S8";;;"Eduardo"
"train/COVID-19/41591_2020_819_Fig1_HTML.webp-day5.png";"41591-cam.jpg";;"Samsung S8";;;"Eduardo"
"train/COVID-19/41591_2020_819_Fig1_HTML.webp-day10.png";"41591-day10-cam.jpg";;"Samsung S8";;;"Eduardo"
"train/COVID-19/5e6dd879fde9502400e58b2f.jpeg";"5e6dd879fde9502400e58b2f-cam.jpg";"train";"Xiaomi mi 8";"12 mp";"1920x1080";"Caio"
"train/COVID-19/covid-19-pneumonia-19.jpg";"covid-19-pneumonia-19-cam.jpg";"train";"Xiaomi mi 8";"12 mp";"1920x1080";"Caio"
"train/COVID-19/kjr-21-e25-g001-l-a.jpg";"kjr-21-e25-g001-l-a-cam.jpg";"train";"Xiaomi mi 8";"12 mp";"1920x1080";"Caio"
"train/COVID-19/03BF7561-A9BA-4C3C-B8A0-D3E585F73F3C.jpeg";"03BF7561-cam.jpg";"train";"Xiaomi mi 8";"12 mp";"1920x1080";"Caio"
"train/COVID-19/353889E0-A1E8-4F9E-A0B8-F24F36BCFBFB.jpeg";"353889E0-cam.jpg";"train";"Xiaomi mi 8";"12 mp";"1920x1080";"Caio"
"train/COVID-19/figure1-5e73d7ae897e27ff066a30cb-98.jpeg";"figure1-5e73d7ae897e27ff066a30cb-98-cam.jpg";"train";"Xiaomi mi 8";"12 mp";"1920x1080";"Caio"
"train/COVID-19/figure1-5e75d0940b71e1b702629659-98-right.jpeg";"figure1-5e75d0940b71e1b702629659-98-right-cam.jpg";"train";"Xiaomi mi 8";"12 mp";"1920x1080";"Caio"
"train/COVID-19/figure1-5e71be566aa8714a04de3386-98-left.jpeg";"figure1-5e71be566aa8714a04de3386-98-left-cam.jpg";"train";"Xiaomi mi 8";"12 mp";"1920x1080";"Caio"
"train/COVID-19/1F6343EE-AFEC-4B7D-97F5-62797EE18767.jpeg";"1f6343ee-cam.jpg";;"Samsung S8";;;"Eduardo"
"train/COVID-19/5A78BCA9-5B7A-440D-8A4E-AE7710EA6EAD.jpeg";"5a78bca9-cam.jpg";;"Samsung S8";;;"Eduardo"
"train/COVID-19/2B8649B2-00C4-4233-85D5-1CE240CF233B.jpeg";"2b8649b2-cam.jpg";;"Samsung S8";;;"Eduardo"
"train/COVID-19/2966893D-5DDF-4B68-9E2B-4979D5956C8E.jpeg";"2966893d-cam.jpg";;"Samsung S8";;;"Eduardo"
"train/COVID-19/covid-19-pneumonia-30-PA.jpg";"covid-19-pneumonia-30-PA-cam.jpg";;"Samsung S8";;;"Eduardo"
"train/COVID-19/58cb9263f16e94305c730685358e4e_jumbo.jpeg";"58cb9263f16e-cam.jpg";;"Samsung S8";;;"Eduardo"
"train/COVID-19/9fdd3c3032296fd04d2cad5d9070d4_jumbo.jpeg";"9fdd3c3032-cam.jpg";;"Samsung S8";;;"Eduardo"
"train/COVID-19/covid-19-pneumonia-rapidly-progressive-admission.jpg";"IMG_20200505_152245458_HDR-cam.jpg";"train";"Moto G7 Play";"(4:3) 13 MP";"1920x1080";"Rodrigo "
"train/COVID-19/covid-19-pneumonia-rapidly-progressive-12-hours.jpg";"IMG_20200505_152338702_HDR-cam.jpg";"train";"Moto G7 Play";"(4:3) 13 MP";"1920x1081";"Rodrigo "
"train/COVID-19/covid-19-pneumonia-rapidly-progressive-3-days.jpg";"IMG_20200505_152351332_HDR-cam.jpg";"train";"Moto G7 Play";"(4:3) 13 MP";"1920x1082";"Rodrigo "
"train/COVID-19/covid-19-infection-exclusive-gastrointestinal-symptoms-pa.png";"IMG_20200505_152416707-cam.jpg";"train";"Moto G7 Play";"(4:3) 13 MP";"1920x1083";"Rodrigo "
"train/COVID-19/covid-19-infection-exclusive-gastrointestinal-symptoms-l.png";"IMG_20200505_152431687-cam.jpg";"train";"Moto G7 Play";"(4:3) 13 MP";"1920x1084";"Rodrigo "
"train/COVID-19/covid-19-pneumonia-28.png";"IMG_20200505_152509833-cam.jpg";"train";"Moto G7 Play";"(4:3) 13 MP";"1920x1085";"Rodrigo "
"train/COVID-19/1.CXRCTThoraximagesofCOVID-19fromSingapore.pdf-000-fig1a.png";"IMG_20200505_152539072-cam.jpg";"train";"Moto G7 Play";"(4:3) 13 MP";"1920x1086";"Rodrigo "
"train/COVID-19/1.CXRCTThoraximagesofCOVID-19fromSingapore.pdf-000-fig1b.png";"IMG_20200505_152547006-cam.jpg";"train";"Moto G7 Play";"(4:3) 13 MP";"1920x1087";"Rodrigo "
"train/COVID-19/1.CXRCTThoraximagesofCOVID-19fromSingapore.pdf-001-fig2a.png";"IMG_20200505_152555718-cam.jpg";"train";"Moto G7 Play";"(4:3) 13 MP";"1920x1088";"Rodrigo "
"train/COVID-19/1.CXRCTThoraximagesofCOVID-19fromSingapore.pdf-001-fig2b.png";"IMG_20200505_152605665-cam.jpg";"train";"Moto G7 Play";"(4:3) 13 MP";"1920x1089";"Rodrigo "
"train/COVID-19/1.CXRCTThoraximagesofCOVID-19fromSingapore.pdf-002-fig3a.png";"IMG_20200505_152614114-cam.jpg";"train";"Moto G7 Play";"(4:3) 13 MP";"1920x1090";"Rodrigo "
"train/COVID-19/1.CXRCTThoraximagesofCOVID-19fromSingapore.pdf-002-fig3b.png";"IMG_20200505_152622124-cam.jpg";"train";"Moto G7 Play";"(4:3) 13 MP";"1920x1091";"Rodrigo "
"train/COVID-19/1.CXRCTThoraximagesofCOVID-19fromSingapore.pdf-003-fig4a.png";"IMG_20200505_152629298-cam.jpg";"train";"Moto G7 Play";"(4:3) 13 MP";"1920x1092";"Rodrigo "
"train/COVID-19/1.CXRCTThoraximagesofCOVID-19fromSingapore.pdf-003-fig4b.png";"IMG_20200505_152641471-cam.jpg";"train";"Moto G7 Play";"(4:3) 13 MP";"1920x1093";"Rodrigo "
"train/COVID-19/covid-19-pneumonia-24-day6.jpg";"IMG_20200505_152726989_HDR-cam.jpg";"train";"Moto G7 Play";"(4:3) 13 MP";"1920x1094";"Rodrigo "
"train/COVID-19/covid-19-pneumonia-24-day7.jpg";"IMG_20200505_152746872_HDR-cam.jpg";"train";"Moto G7 Play";"(4:3) 13 MP";"1920x1095";"Rodrigo "
"train/COVID-19/covid-19-pneumonia-24-day12.jpg";"IMG_20200505_152755199_HDR-cam.jpg";"train";"Moto G7 Play";"(4:3) 13 MP";"1920x1096";"Rodrigo "
"train/COVID-19/53EC07C9-5CC6-4BE4-9B6F-D7B0D72AAA7E.jpeg";"53ec07c9-cam.jpg";;"Samsung S8";;;"Eduardo"
"train/COVID-19/A7E260CE-8A00-4C5F-A7F5-27336527A981.jpeg";"a7e260ce-cam.jpg";;"Samsung S8";;;"Eduardo"
"train/COVID-19/covid-19-caso-70-1-PA.jpg";"covid-19-caso-70-1-PA-cam.jpg";;"Samsung S8";;;"Eduardo"
"train/COVID-19/covid-19-caso-70-2-APS.jpg";"covid-19-caso-70-2-APS-cam.jpg";;"Samsung S8";;;"Eduardo"
"train/COVID-19/4e43e48d52c9e2d4c6c1fb9bc1544f_jumbo.jpeg";"4e43e48d52c9-cam.jpg";;"Samsung S8";;;"Eduardo"
"train/COVID-19/covid-19-pneumonia-53.jpg";"covid-19-pneumonia-53-cam.jpg";;"Samsung S8";;;"Eduardo"
"train/COVID-19/post-intubuation-pneumomediastium-and-pneumothorax-background-covid-19-pneumonia-day1.jpg";"post-intubation-day1-cam.jpg";;"Samsung S8";;;"Eduardo"
"train/COVID-19/post-intubuation-pneumomediastium-and-pneumothorax-background-covid-19-pneumonia-day6-1.jpg";"post-intubation-day6-cam.jpg";;"Samsung S8";;;"Eduardo"
"train/COVID-19/post-intubuation-pneumomediastium-and-pneumothorax-background-covid-19-pneumonia-day6-2.jpg";"post-intubation-day6-2-cam.jpg";;"Samsung S8";;;"Eduardo"
"train/COVID-19/post-intubuation-pneumomediastium-and-pneumothorax-background-covid-19-pneumonia-day7.jpg";"post-intubation-day7-cam.jpg";;"Samsung S8";;;"Eduardo"
"train/COVID-19/covid-19-pneumonia-49-day4.jpg";"covid-19-pneumonia-49-day4-cam.jpg";;"Samsung S8";;;"Eduardo"
"train/COVID-19/covid-19-pneumonia-49-day8.jpg";"covid-19-pneumonia-49-day8-cam.jpg";;"Samsung S8";;;"Eduardo"
"train/COVID-19/covid-19-pneumonia-40.jpg";"covid-19-pneumonia-40-cam.jpg";;"Samsung S8";;;"Eduardo"
"train/COVID-19/covid-19-pneumonia-42.jpeg";"covid-19-pneumonia-42-cam.jpg";;"Samsung S8";;;"Eduardo"
"train/COVID-19/da9e9aac-de8c-44c7-ba57-e7cc8e4caaba.annot.original.jpeg";"da9e9aac-cam.jpg";;"Samsung S8";;;"Eduardo"
"train/COVID-19/4ad30bc6-2da0-4f84-bc9b-62acabfd518a.annot.original.png";"4ad30bc6-cam.jpg";;"Samsung S8";;;"Eduardo"
"train/COVID-19/fff49165-b22d-4bb4-b9d1-d5d62c52436c.annot.original.png";"fff49165-cam.jpg";;"Samsung S8";;;"Eduardo"
"train/COVID-19/radiol.2020201160.fig2a.jpeg";"radiol.1160.fig2a-cam.jpg";;"Samsung S8";;;"Eduardo"
"train/COVID-19/radiol.2020201160.fig2b.jpeg";"radiol.1160.fig2b-cam.jpg";;"Samsung S8";;;"Eduardo"
"train/COVID-19/radiol.2020201160.fig2c.jpeg";"radiol.1160.fig2c-cam.jpg";;"Samsung S8";;;"Eduardo"
"train/COVID-19/radiol.2020201160.fig2d.jpeg";"radiol.1160.fig2d-cam.jpg";;"Samsung S8";;;"Eduardo"
"train/COVID-19/radiol.2020201160.fig3a.jpeg";"radiol.1160.fig3a-cam.jpg";;"Samsung S8";;;"Eduardo"
"train/COVID-19/radiol.2020201160.fig3b.jpeg";"radiol.1160.fig3b-cam.jpg";;"Samsung S8";;;"Eduardo"
"train/COVID-19/radiol.2020201160.fig3c.jpeg";"radiol.1160.fig3c-cam.jpg";;"Samsung S8";;;"Eduardo"
"train/COVID-19/radiol.2020201160.fig3d.jpeg";"radiol.1160.fig3d-cam.jpg";;"Samsung S8";;;"Eduardo"
"train/COVID-19/radiol.2020201160.fig6b.jpeg";"radiol.1160.fig6b-cam.jpg";;"Samsung S8";;;"Eduardo"
"train/COVID-19/ryct.2020003.fig2-a.png";"ryct.2020003.fig2-a-cam.jpg";;"Samsung S8";;;"Eduardo"
"train/COVID-19/ryct.2020003.fig2-b.png";"ryct.2020003.fig2-b-cam.jpg";;"Samsung S8";;;"Eduardo"
"train/COVID-19/ryct.2020003.fig2-c.png";"ryct.2020003.fig2-c-cam.jpg";;"Samsung S8";;;"Eduardo"
"train/COVID-19/radiol.2020200274.fig3d.png";"radiol.2020200274.fig3d-cam.jpg";;"Samsung S8";;;"Eduardo"
"train/COVID-19/covid-19-pneumonia-8.jpg";"covid-19-pneumonia-8-cam.jpg";;"Samsung S8";;;"Eduardo"
"train/COVID-19/covid-19-pneumonia-22-day1-pa.png";"covid-19-pneumonia-22-day1-pa-cam.jpg";;"Samsung S8";;;"Eduardo"
"train/COVID-19/covid-19-pneumonia-22-day2-pa.png";"covid-19-pneumonia-22-day2-pa-cam.jpg";;"Samsung S8";;;"Eduardo"
"train/COVID-19/covid-19-pneumonia-34.png";"covid-19-pneumonia-34-cam.jpg";;"Samsung S8";;;"Eduardo"
"train/COVID-19/covid-19-pneumonia-38-pa.jpg";"covid-19-pneumonia-38-pa-cam.jpg";;"Samsung S8";;;"Eduardo"
"train/COVID-19/covid-19-pneumonia-35-1.jpg";"covid-19-pneumonia-35-1-cam.jpg";;"Samsung S8";;;"Eduardo"
"train/COVID-19/covid-19-pneumonia-35-2.jpg";"covid-19-pneumonia-35-2-cam.jpg";;"Samsung S8";;;"Eduardo"
"train/COVID-19/covid-19-pneumonia-41-day-0.jpg";"covid-19-pneumonia-41-day-0-cam.jpg";;"Samsung S8";;;"Eduardo"
"train/COVID-19/covid-19-pneumonia-41-day-2.jpg";"covid-19-pneumonia-41-day-2-cam.jpg";;"Samsung S8";;;"Eduardo"
"train/COVID-19/COVID-00001.jpg";"covid-00001-cam.jpg";;"Samsung S8";;;"Eduardo"
"train/COVID-19/COVID-00004.jpg";"covid-00004-cam.jpg";;"Samsung S8";;;"Eduardo"
"train/COVID-19/COVID-00006.jpg";"covid-00006-cam.jpg";;"Samsung S8";;;"Eduardo"
